id_lote,pigmento_magnetico_pct,viscosidad_cP,pH,reflectancia_UV_pct,secado_s
L2015-052,2.2,102.8,8.26,6.8,10.6
L2015-095,2.32,140.4,6.4,10,2.7
L2015-096,1.51,91.5,6.86,16,5
L2015-112,2.23,84.8,8.11,11.9,10.9
L2015-259,3.06,99.9,8.19,11.2,2.2
L2015-507,2.84,65.9,6.79,18.4,4.7
L2015-690,2.37,119.3,6.44,17.1,9.1
L2015-778,2.73,125.3,7.08,6.8,10.6
L2015-870,1.81,101.4,7.3,10.5,10
L2015-882,1.06,117.2,8.12,11.6,2.1
L2015-973,1.39,141.5,7.73,8.3,6
L2015-993,1.02,131.7,6.84,11.3,6.1
L2016-217,2.99,110.2,7.95,7.8,6.2
L2016-255,1.26,106.7,6.62,7.3,5.9
L2016-286,2.92,73,7.37,15,5.1
L2016-392,2.89,143.7,6.81,18.7,5.9
L2016-395,2.96,66.9,6.4,11.8,6.4
L2016-425,1.78,107.4,7.26,7.7,5.5
L2016-454,2.74,143.4,6.53,15.7,6.6
L2016-467,1.79,117.4,6.75,16.5,6.2
L2016-468,1.12,98.4,7.52,14.1,4.5
L2016-572,2.63,114.7,8.12,8.1,6.5
L2016-578,3.07,98.5,6.89,10.6,7.3
L2016-699,2.92,131.4,8.07,10.1,4.3
L2016-797,2.77,155.9,6.55,4.5,4.5
L2016-872,1.25,113.4,7.85,8.2,2.6
L2016-991,2.66,85.4,7.47,16.2,9.5
L2017-195,1.51,156.4,7.63,13.8,8.6
L2017-197,1.32,100.7,7.97,21.6,6.5
L2017-246,1.22,53.6,6.31,12.1,7.1
L2017-271,1.08,57.3,7.57,8.9,7.2
L2017-281,0.91,51.3,6.97,21,7.6
L2017-465,0.81,128,7.96,21.5,8.7
L2017-559,0.89,87.5,7.57,11.7,1.9
L2017-762,2.87,96.8,8.03,19.1,4.1
L2017-888,1.91,50.8,7.17,7.8,4.6
L2018-070,2.97,143.9,6.46,8.3,7.9
L2018-152,2.37,45.6,8.03,17.9,2.5
L2018-168,1.91,76,8.43,16.4,3.6
L2018-379,1.48,95.4,7.55,9.4,10.8
L2018-553,1.12,152.6,7.61,12.5,9
L2018-687,1.44,152.7,7.79,15,3.1
L2018-886,1.19,137,6.71,11.4,3.2
L2018-888,1.04,77,7.76,10.6,5
L2018-900,2.16,54.1,7.98,18.7,10.8
L2019-103,2.8,79.1,7.13,9.4,8.2
L2019-166,2.58,108.4,7.28,4.2,2.2
L2019-231,2.74,61.9,6.41,21.7,7.3
L2019-258,1.35,127.9,7.03,17.4,10.5
L2019-294,1.3,135.4,7.7,9.8,5.7
L2019-528,2.39,116.2,6.51,21.1,3.7
L2019-683,1.78,91.3,6.98,6.3,5.5
L2019-841,2.71,71.2,6.35,7.5,4.6
L2020-022,2.21,71.5,6.81,5.3,7.5
L2020-105,1.02,56.1,8.25,14.9,9.2
L2020-209,2.45,143.1,7.46,8.5,10.1
L2020-306,2.61,143.1,8.49,11.5,8.6
L2020-592,1.26,53,7.82,17.9,10.9
L2020-685,2.43,91.5,6.68,12.4,2.7
L2020-781,1.19,154.7,8.42,20.5,7.2
L2020-802,3.03,137.3,8.29,18.6,4
L2020-864,2.64,51.4,8.19,18.5,5.3
L2020-915,2.1,60.9,6.83,16.5,8.2
L2020-921,3.04,156.8,6.39,10.4,8
L2020-958,1.43,122,7.02,8.8,2.7
L2020-962,0.87,145.9,6.9,14.5,10.8
L2021-195,1.03,120.8,7.11,11.4,9.7
L2021-225,1.22,155.2,7.49,4.9,3.9
L2021-285,2.6,140.7,6.88,5.5,1.7
L2021-501,2.13,72.6,7.4,16.8,5.8
L2021-611,3.19,105.8,8.53,19.5,1.6
L2021-688,2.36,95.4,7.49,6.2,3.6
L2021-694,2.6,65,7.61,11.3,9.4
L2021-920,2.2,86.6,8.59,6.5,6.2
L2021-925,0.94,88.6,8.57,8.8,8.9
L2022-020,1.07,86.7,8.57,18.5,3.8
L2022-106,2.89,111,7.38,11.9,3.3
L2022-293,1.82,155.1,8.59,14,8.3
L2022-550,1.1,151.1,6.48,9.3,7.5
L2022-628,2.76,147.6,7.28,20.3,5.7
L2022-725,1.17,65.3,7.5,15.7,7.4
L2022-931,1.86,143.9,8.58,9.5,7.4
L2023-054,3.2,85.2,7.8,18.1,7.7
L2023-090,2.22,48.7,6.52,8.2,7.2
L2023-204,2.52,125.7,7.26,12.1,4.1
L2023-497,2.3,76.6,6.48,9.1,4.1
L2023-544,1.63,159.6,7.57,10.3,5.8
L2023-704,2.53,130.3,7.84,10.6,2.2
L2023-785,1.1,120.9,8.48,7,6.5
L2023-794,1.96,95.1,7.98,8.8,9.6
L2023-820,2.25,70.4,6.8,11.8,1.8
L2023-935,1.06,116.9,8.24,13.1,3.4
L2024-103,0.98,69.5,6.91,20.8,9.9
L2024-253,2.19,49.6,6.49,15.8,6.9
L2024-434,3.11,151.8,8.04,16.4,8.3
L2024-547,0.86,90.3,7.6,4.5,7.6
L2024-719,2.91,108.9,7.49,7.4,3.8
L2024-802,0.9,106.3,7.82,5.2,7.7
L2024-969,2.47,143.5,8.06,10.8,1.6
L2024-984,2.58,154,6.78,7.8,7.8
L2025-106,1.65,109.4,8.31,21.5,8.6
L2025-115,0.86,76.6,6.81,17.3,7.9
L2025-219,2.03,136.3,8.51,17.2,7.8
L2025-249,1.04,133.8,8.26,14.8,2.7
L2025-308,1.9,151.8,8.45,4.2,7.4
L2025-470,1.14,61.1,8.01,13.7,8.6
L2025-542,0.82,139,6.99,15.9,10.4
L2025-703,0.93,62.2,7.59,9.5,10.9
L2025-930,3.1,90.6,7.94,5.4,8.1
L2025-943,1.59,81.1,8.25,17,4.4
JOVENZAOS-2016-01,15.81,52.4,9.07,35.6,84.8
JOVENZAOS-2016-02,14.9,51.6,8.87,36,89.5
JOVENZAOS-2016-03,15.59,54.5,8.52,33.1,95.9
JOVENZAOS-2016-04,15.66,55.5,8.72,34.3,97.1
JOVENZAOS-2016-05,16.2,52.6,8.75,29,91.4
JOVENZAOS-2016-06,15.19,52,8.88,32.5,92.3
JOVENZAOS-2016-07,13.91,51.2,8.81,36.5,85.5
JOVENZAOS-2016-08,15.01,53.7,8.84,37.9,93
JOVENZAOS-2016-09,14.27,55,8.73,31.7,91.1
JOVENZAOS-2016-10,15.96,55,8.78,35.3,94.9
JOVENZAOS-2016-11,15.09,49.9,9.06,32.8,89
JOVENZAOS-2016-12,15.25,56.4,8.8,34.1,93
JOVENZAOS-2017-01,14.95,51.2,8.95,36.1,88.3
JOVENZAOS-2017-02,15.27,54.4,8.85,32.6,99
JOVENZAOS-2017-03,14.56,48.6,8.95,35.6,78.1
JOVENZAOS-2017-04,15.3,54.4,9.05,32.3,88.5
JOVENZAOS-2017-05,14.93,51,8.79,32.5,93.1
JOVENZAOS-2017-06,14.72,49.9,8.75,39,88.6
JOVENZAOS-2017-07,15.51,52.5,8.75,34.4,93.3
JOVENZAOS-2017-08,15.33,53.9,9.04,36.1,88.1
JOVENZAOS-2017-09,15.36,48.4,8.97,36,82.5
JOVENZAOS-2017-10,15.69,49.3,8.74,32.7,79.9
JOVENZAOS-2017-11,14.47,50.5,8.76,35.3,95.8
JOVENZAOS-2017-12,15.06,49.4,8.84,36.9,82.6
JOVENZAOS-2018-01,15.95,56.3,8.79,31.4,92.2
JOVENZAOS-2018-02,15.18,55.7,8.95,35.3,93
JOVENZAOS-2018-03,14.95,51.5,8.83,36.4,85.1
JOVENZAOS-2018-04,15.25,49.7,8.72,33.6,87.3
JOVENZAOS-2018-05,15.55,52.8,8.87,36.9,86.8
JOVENZAOS-2018-06,14.44,43.3,8.65,32.3,79.3
JOVENZAOS-2018-07,14,52.5,8.78,35.3,93.2
JOVENZAOS-2018-08,15,49.9,9,36.7,84.7
JOVENZAOS-2018-09,15.18,55.6,8.78,33.7,95.1
JOVENZAOS-2018-10,14.63,46.6,8.86,33.8,87
JOVENZAOS-2018-11,16.13,59.2,8.68,32.3,102.3
JOVENZAOS-2018-12,14.92,52.1,8.86,35,90.2
JOVENZAOS-2019-01,14.45,52.6,8.9,36.4,78.2
JOVENZAOS-2019-02,14.43,51.2,8.68,36.2,79.1
JOVENZAOS-2019-03,16.06,55.3,8.79,33.5,89.5
JOVENZAOS-2019-04,14.56,52.1,8.95,35.7,93.5
JOVENZAOS-2019-05,15.24,54.5,8.81,34.2,93
JOVENZAOS-2019-06,15.59,52.9,9.03,36.1,89.7
JOVENZAOS-2019-07,14.98,51.8,8.97,34.1,89.9
JOVENZAOS-2019-08,14.53,50.3,8.87,35.1,78.8
JOVENZAOS-2019-09,14.58,51.1,8.85,34.8,97.9
JOVENZAOS-2019-10,13.79,48.4,8.91,36.4,72.2
JOVENZAOS-2019-11,15.17,54,8.76,32.7,97.1
JOVENZAOS-2019-12,14.02,55.1,8.82,37.5,94.4
JOVENZAOS-2020-01,14.78,48.5,8.75,33.2,83.2
JOVENZAOS-2020-02,14.42,48.6,9,35.4,84.9
JOVENZAOS-2020-03,15.72,54.9,9.06,33,94.4
JOVENZAOS-2020-04,14.94,49.2,8.9,35.8,86.4
JOVENZAOS-2020-05,15.41,52.9,8.72,33,83.9
JOVENZAOS-2020-06,15.38,54.4,9.1,36.1,90.2
JOVENZAOS-2020-07,15.06,54.1,8.63,33.8,93.6
JOVENZAOS-2020-08,14.69,48.7,8.67,35.6,82.8
JOVENZAOS-2020-09,15.43,53.4,8.81,35.7,86.1
JOVENZAOS-2020-10,14.75,54.4,8.88,34.9,92.8
JOVENZAOS-2020-11,14.47,50.6,8.81,33.3,90.1
JOVENZAOS-2020-12,15.58,55.2,8.84,34.1,94.1
JOVENZAOS-2021-01,15.38,51.6,8.68,34.7,82.1
JOVENZAOS-2021-02,15.73,53.5,8.89,33.7,93.9
JOVENZAOS-2021-03,14.62,55.2,8.72,32.9,93.9
JOVENZAOS-2021-04,15.62,56.5,9.07,34.1,95.8
JOVENZAOS-2021-05,14.27,46.9,8.79,34.6,77.3
JOVENZAOS-2021-06,15.14,53.8,8.95,32.9,82.1
JOVENZAOS-2021-07,15.81,55.5,8.76,36.4,90
JOVENZAOS-2021-08,14.63,52.4,8.86,35.5,82.7
JOVENZAOS-2021-09,15.23,53.3,8.93,32.1,89.1
JOVENZAOS-2021-10,15.69,55.3,8.8,32.8,90.8
JOVENZAOS-2021-11,14.61,53.6,8.79,33.5,88
JOVENZAOS-2021-12,15.19,47.1,8.81,36.5,87.1
JOVENZAOS-2022-01,15.28,51,8.78,35.2,92.3
JOVENZAOS-2022-02,15.18,48.7,8.73,36.9,89.3
JOVENZAOS-2022-03,15.77,52.1,9.11,33.7,83.4
JOVENZAOS-2022-04,15.23,51.5,8.89,35.6,85.9
JOVENZAOS-2022-05,15.14,53.2,8.89,37.1,87.2
JOVENZAOS-2022-06,14.49,48.4,8.89,36.2,83.6
JOVENZAOS-2022-07,15.14,46.7,8.96,35,85.4
JOVENZAOS-2022-08,14.79,49.7,8.95,34.6,93.5
JOVENZAOS-2022-09,15.36,55.2,8.84,37.1,85.1
JOVENZAOS-2022-10,15.61,51.9,8.68,35.2,88.3
JOVENZAOS-2022-11,16.07,54.4,8.9,33.6,93.4
JOVENZAOS-2022-12,15.9,57.8,8.88,31.6,100.5
JOVENZAOS-2023-01,16.04,57.7,8.61,36.7,99.1
JOVENZAOS-2023-02,15.32,48.5,8.82,34.8,91.3
JOVENZAOS-2023-03,14.36,51.4,8.72,34.4,87
JOVENZAOS-2023-04,15.16,51.7,8.93,34.4,86.2
JOVENZAOS-2023-05,15.96,53.7,8.68,34.2,92.1
JOVENZAOS-2023-06,14.76,52.6,8.88,35.4,85.3
JOVENZAOS-2023-07,14.15,48.6,8.74,38.3,88.2
JOVENZAOS-2023-08,15.21,50.3,8.76,38.1,80.7
JOVENZAOS-2023-09,15.17,52.3,8.76,33.8,86.3
JOVENZAOS-2023-10,16.33,52.4,8.77,29.8,89.4
JOVENZAOS-2023-11,15.52,53.5,8.95,36,92.7
JOVENZAOS-2023-12,15.59,53,8.88,35.2,83.7
JOVENZAOS-2024-01,15.34,48,8.83,34.8,76.7
JOVENZAOS-2024-02,14.56,51.2,9.05,34,96.8
JOVENZAOS-2024-03,16.22,55.7,8.74,31.2,96
JOVENZAOS-2024-04,13.98,51.2,8.97,36.3,90.4
JOVENZAOS-2024-05,15.21,52.3,8.71,36.3,96.1
JOVENZAOS-2024-06,14.71,49.9,8.72,34.2,84.9
JOVENZAOS-2024-07,14.92,53.8,8.84,32.3,94.9
JOVENZAOS-2024-08,14.3,49.5,8.93,36.7,82.7
JOVENZAOS-2024-09,13.91,44.3,8.79,36.6,89.5
JOVENZAOS-2024-10,14.24,45.1,8.91,35.3,81.5
JOVENZAOS-2024-11,14.39,49.3,8.81,36.4,88.5
JOVENZAOS-2024-12,15.25,53.2,8.98,35.3,89.2
JOVENZAOS-2025-01,15.09,54.3,9.12,30.4,90.6
JOVENZAOS-2025-02,15.35,49.3,8.76,32.6,82.6
JOVENZAOS-2025-03,14.86,49.1,8.85,37.6,82.4
JOVENZAOS-2025-04,15.45,56.4,8.74,36,97.8
JOVENZAOS-2025-05,14.52,51.5,8.64,35.6,84
JOVENZAOS-2025-06,15.68,49.6,8.85,36.2,86.7
JOVENZAOS-2025-07,13.93,45.4,8.77,36.9,77.5
JOVENZAOS-2025-08,15.9,50.9,8.9,36.6,84.6
JOVENZAOS-2025-09,15.1,51.6,8.83,34.6,84.9
JOVENZAOS-2025-10,14.58,53.1,8.93,35.3,93.5
JOVENZAOS-2025-11,14.51,47.6,9.02,36,76
JOVENZAOS-2025-12,15.43,55.2,8.8,31.4,90.6
aura_BM50-2011-001,11.83,836.5,6.83,43.85,6.55
aura_BM50-2011-002,12.85,881.5,6.98,40.8,7.09
aura_BM50-2011-003,12.08,820.4,7.19,40.08,6.3
aura_BM50-2011-004,12.84,869.1,7.1,40.41,6.62
aura_BM50-2011-005,12,850.2,7.09,42.91,7.07
aura_BM50-2011-006,12.37,854.8,7.18,40.21,6.85
aura_BM50-2011-007,12.1,785,7.34,43.11,6.38
aura_BM50-2011-008,12.49,813.4,7.32,42.14,6.6
aura_BM50-2012-001,12.46,824.2,7.16,40.57,6.46
aura_BM50-2012-002,12.28,838.9,7.11,39.66,6.63
aura_BM50-2012-003,12.93,836.9,7.07,40.25,6.61
aura_BM50-2012-004,12.16,862.9,7.32,41.87,7.44
aura_BM50-2012-005,12.63,892.1,7.24,41.66,7.06
aura_BM50-2012-006,12.18,822.8,7.13,42.52,6.26
aura_BM50-2012-007,12.79,880.8,7.2,43.55,6.77
aura_BM50-2012-008,12.03,825.7,7.11,42.65,6.46
aura_BM50-2013-001,12.39,832.2,6.99,43.11,6.71
aura_BM50-2013-002,12.14,831.4,7.24,42.67,6.52
aura_BM50-2013-003,12.39,826.4,6.88,41.95,6.59
aura_BM50-2013-004,12.86,885.6,7.03,43.91,6.83
aura_BM50-2013-005,12.67,855.6,6.92,38.55,6.69
aura_BM50-2013-006,12.33,850.8,6.88,43.5,6.52
aura_BM50-2013-007,12.73,832.8,7.2,41.16,7.01
aura_BM50-2013-008,12.32,859.8,7.05,40.8,6.49
aura_BM50-2014-001,12.39,873.7,7.23,40.74,6.71
aura_BM50-2014-002,12.98,835,6.96,38.47,6.77
aura_BM50-2014-003,12.17,856,6.95,44.36,7.02
aura_BM50-2014-004,12.09,873.4,7.56,40.43,6.62
aura_BM50-2014-005,12.83,833.4,7.08,43.82,6.22
aura_BM50-2014-006,12.31,856.7,7.17,42.68,6.55
aura_BM50-2014-007,12.92,849.5,7.22,43.73,6.65
aura_BM50-2014-008,11.75,795.5,6.97,41.8,6.68
aura_BM50-2015-001,11.98,872,7.3,42.73,7.6
aura_BM50-2015-002,12.64,870.3,7.09,39.17,7.18
aura_BM50-2015-003,12.96,863.3,6.93,40.34,7.27
aura_BM50-2015-004,12.52,840.1,7.14,38.12,6.89
aura_BM50-2015-005,12.07,808.4,7.22,41.44,6.09
aura_BM50-2015-006,12.62,802,7.5,41.64,6.59
aura_BM50-2015-007,11.87,796.7,6.97,42.45,5.88
aura_BM50-2015-008,12.83,870,7.08,39.81,6.99
aura_BM50-2016-001,12.39,835.5,6.73,38.55,6.63
aura_BM50-2016-002,12.83,846.4,7.16,43.35,6.82
aura_BM50-2016-003,12.07,819.4,7.18,44.7,6.65
aura_BM50-2016-004,11.82,816.9,7.01,40.65,6.85
aura_BM50-2016-005,12.59,851.3,7.17,40.91,7.21
aura_BM50-2016-006,12.18,838.5,6.99,36.09,7.43
aura_BM50-2016-007,12.42,886,6.99,42.28,6.85
aura_BM50-2016-008,12.51,863.4,7.16,45.97,7.14
aura_BM50-2017-001,13.37,869.5,7.56,41.45,7.12
aura_BM50-2017-002,11.57,881.1,6.88,43.39,6.56
aura_BM50-2017-003,12.13,855.3,7.09,40.63,7.49
aura_BM50-2017-004,12.42,823.2,6.92,40.83,6.61
aura_BM50-2017-005,12.43,851.7,7.25,42,7.04
aura_BM50-2017-006,12.05,816.6,7.16,41.49,6.6
aura_BM50-2017-007,12.32,865.2,7.35,40.54,6.37
aura_BM50-2017-008,12.39,834.2,7.22,43.29,6.14
aura_BM50-2018-001,11.71,831.6,7.02,45.44,6.63
aura_BM50-2018-002,12.58,858.2,7.12,40.77,7.02
aura_BM50-2018-003,12.39,852,7.14,41.1,7.86
aura_BM50-2018-004,12.77,840,7.24,40.94,7.21
aura_BM50-2018-005,11.55,796.7,7.23,45.4,6.53
aura_BM50-2018-006,12.1,874.5,7.41,41.84,7.09
aura_BM50-2018-007,11.53,812,7.26,40.9,6.69
aura_BM50-2018-008,12.57,853.3,6.93,41.26,6.49
aura_BM50-2019-001,11.67,823.1,7.45,42.14,6.56
aura_BM50-2019-002,12.23,824.6,7.17,45.18,6.87
aura_BM50-2019-003,12.48,802.7,7.19,40.64,6.62
aura_BM50-2019-004,12.34,879.1,7.23,42.53,6.79
aura_BM50-2019-005,12.9,909.1,7.36,40.06,7.27
aura_BM50-2019-006,12.87,902.8,7.42,42.11,7.83
aura_BM50-2019-007,12.46,834.7,7.29,39.77,6.41
aura_BM50-2019-008,12.42,838.5,7.13,41.08,7.05
aura_BM50-2020-001,12.32,849.3,7.12,40.62,7.33
aura_BM50-2020-002,12.17,803.5,7.36,43.61,6.19
aura_BM50-2020-003,12.16,844.6,7.16,38.59,6.76
aura_BM50-2020-004,12.21,779.8,7.11,42.73,5.41
aura_BM50-2020-005,13.26,841.9,6.87,38.74,6.93
aura_BM50-2020-006,12.46,867.2,6.86,40.27,7.04
aura_BM50-2020-007,13.05,909.7,7.22,40.61,7.17
aura_BM50-2020-008,12.32,841.1,6.98,39.88,6.69
aura_BM50-2021-001,12.26,850,7.23,41,7.1
aura_BM50-2021-002,12.5,852.4,6.96,41.69,7.58
aura_BM50-2021-003,12.59,886.6,7.17,46.08,6.74
aura_BM50-2021-004,12.06,839.4,7.32,39.17,7.04
aura_BM50-2021-005,12.69,842.4,7.08,43.39,7.07
aura_BM50-2021-006,12.24,855,7.18,39.63,7.61
aura_BM50-2021-007,13.02,874.1,7.31,40.15,7.58
aura_BM50-2021-008,12.92,862,7.26,42.48,6.93
aura_BM50-2022-001,12.18,850.3,7.04,40.7,6.55
aura_BM50-2022-002,12.83,886.3,7.12,38.68,6.84
aura_BM50-2022-003,11.54,848.7,7.07,40.64,6.58
aura_BM50-2022-004,12.72,840.5,7.11,39.22,6.57
aura_BM50-2022-005,13.05,836.2,7.07,43.47,7.01
aura_BM50-2022-006,11.7,857.9,6.94,41.95,6.92
aura_BM50-2022-007,12.32,835.3,7.28,42.5,6.59
aura_BM50-2022-008,12.95,854.5,7.56,39.08,6.72
aura_BM50-2023-001,12.41,838.7,7.07,38.45,6.66
aura_BM50-2023-002,12.33,849.8,7.31,43.14,7.12
aura_BM50-2023-003,12.2,814.6,7.09,41.06,6.37
aura_BM50-2023-004,12.36,818.8,7.04,45.83,7
aura_BM50-2023-005,12.66,806.8,6.67,40.05,6.83
aura_BM50-2023-006,12.77,860.2,7.12,36.06,7.28
aura_BM50-2023-007,12.72,888.7,7.27,41.62,7.22
aura_BM50-2023-008,12.47,835.3,7.4,40.15,6.36
aura_BM50-2024-001,12.11,872.2,7.4,43.09,7.27
aura_BM50-2024-002,12.59,857.4,7.34,38.18,6.92
aura_BM50-2024-003,12.47,855.2,6.91,43.43,6.65
aura_BM50-2024-004,12.17,827.2,7.09,42.9,7.5
aura_BM50-2024-005,12.66,892.2,7.11,42.74,7.28
aura_BM50-2024-006,12.68,849.5,7.25,41.01,6.47
aura_BM50-2024-007,11.98,834.2,7.07,40.38,6.2
aura_BM50-2024-008,12.91,853.6,7.07,43.07,7.03
aura_BM50-2025-001,12.55,847,7.31,40.76,7.05
aura_BM50-2025-002,12.32,824.3,7.2,42.09,6.34
aura_BM50-2025-003,12.8,885.5,7.18,41.18,7.46
aura_BM50-2025-004,12.56,885.7,7.12,38.1,7.51
aura_BM50-2025-005,13.1,912.5,7.31,43.23,7.6
aura_BM50-2025-006,11.98,789.1,7.52,44.72,6.02
aura_BM50-2025-007,12.41,879.2,6.91,40.56,7.91
aura_BM50-2025-008,12.16,856.9,6.84,42.48,6.96
HelmutHenry-001,2.92,36.2,6.84,24.2,31.3
HelmutHenry-002,3.8,43.2,7.47,23.5,30.7
HelmutHenry-003,3.67,43,7.29,21.7,22.3
HelmutHenry-004,2.68,42.1,6.97,18.5,22.2
HelmutHenry-005,3.15,41.8,7.07,18.4,21.5
HelmutHenry-006,3.02,46.3,7.25,20.7,29.2
HelmutHenry-007,3.78,44,7.12,22.8,29.2
HelmutHenry-008,3.58,39.3,7.17,22.2,21.9
HelmutHenry-009,3.5,50.6,6.92,22.1,21.3
HelmutHenry-010,2.92,38.6,7.25,27.3,29.3
HelmutHenry-011,3.53,40.8,7.59,20.9,25.6
HelmutHenry-012,3.3,41.8,7.2,19.3,24.4
HelmutHenry-013,3.01,49.9,7.04,21.2,26.6
HelmutHenry-014,3.15,38.3,7.3,17.5,25.6
HelmutHenry-015,3.1,48.5,7.34,17.2,33.9
HelmutHenry-016,3.06,40.2,7.17,25.3,27.8
HelmutHenry-017,3.34,45.5,7.24,24,30.6
HelmutHenry-018,3.41,38.8,7.24,20.8,22.7
HelmutHenry-019,3.31,43.6,6.91,19.7,25.7
HelmutHenry-020,3.28,46.6,7.21,19.2,36
HelmutHenry-021,3.44,51.8,7.07,28.3,25
HelmutHenry-022,3.56,47.9,7.17,33.7,27.9
HelmutHenry-023,2.59,44.4,7.11,18.1,22.6
HelmutHenry-024,3.27,43.9,7.25,22.8,27.3
HelmutHenry-025,3.02,44.2,7.24,25.3,22.8
HelmutHenry-026,3.14,51.1,7.4,19.8,29.1
HelmutHenry-027,2.22,42.4,6.89,20.3,26.1
HelmutHenry-028,3.09,48.7,7.47,15.7,23
HelmutHenry-029,2.69,39.3,7.08,24.4,34.2
HelmutHenry-030,3.43,46.3,7.4,23.4,27.2
HelmutHenry-031,3.73,53.5,7.34,26.6,32.2
HelmutHenry-032,3.3,42.9,7.26,26.1,34.3
HelmutHenry-033,3.16,28.5,7.41,23.3,26.8
HelmutHenry-034,3.2,44.9,6.91,15.8,26.8
HelmutHenry-035,3.76,48.7,7.27,20.9,29.9
HelmutHenry-036,2.88,55.8,6.51,25,33.8
HelmutHenry-037,3.55,51.5,7.12,25,29.7
HelmutHenry-038,2.79,42.7,7.63,22.9,30.3
HelmutHenry-039,3.8,57.7,6.88,24.2,30.3
HelmutHenry-040,3.07,53.5,7.18,21.8,25.2
HelmutHenry-041,3.11,52.7,7.35,18,26.6
HelmutHenry-042,2.85,49.2,7.12,20,31.9
HelmutHenry-043,3.41,48.8,7.79,18.2,25.8
HelmutHenry-044,3.69,51.5,7.12,23.1,36.1
HelmutHenry-045,3.5,43.4,7.21,19,27.3
HelmutHenry-046,2.94,42.2,7.51,23,30.8
HelmutHenry-047,3.37,42,7.49,22.2,27.1
HelmutHenry-048,3.45,54.9,7.27,23.3,25.5
HelmutHenry-049,3.52,47,7.67,16.4,29.9
HelmutHenry-050,3.2,44.4,6.9,22.1,28.5
HelmutHenry-051,3.15,47.7,7.1,24.6,31.1
HelmutHenry-052,3.24,32.2,6.96,23.5,29
HelmutHenry-053,3.48,43.6,7.09,19.8,28.4
HelmutHenry-054,2.95,37.2,7.16,21.5,24.9
HelmutHenry-055,3,45,7.68,22,26.6
HelmutHenry-056,2.2,45.3,7.82,24.2,30.2
HelmutHenry-057,3.58,44.4,7.15,17.9,30.1
HelmutHenry-058,3.18,50.5,7.39,19.1,29.3
HelmutHenry-059,2.95,46.1,7.34,20.3,27.6
HelmutHenry-060,3.11,41.6,6.77,22.6,29.1
HelmutHenry-061,3.55,37.1,7.3,26.1,25.1
HelmutHenry-062,3.21,46.2,7.2,23.6,26.2
HelmutHenry-063,2.94,44.1,7.06,19.4,27.2
HelmutHenry-064,3.08,46,7,22.6,24.4
HelmutHenry-065,3,43,7.09,22.8,30.4
HelmutHenry-066,3.38,44.4,7.45,15.5,26.2
HelmutHenry-067,3.84,59.2,6.63,27.2,29.7
HelmutHenry-068,2.53,54.3,6.75,26.4,28.9
HelmutHenry-069,3.21,44.8,7.21,20.5,21.9
HelmutHenry-070,2.94,37.3,7.45,24.6,25.6
HelmutHenry-071,2.97,49.8,6.78,18.2,28.7
HelmutHenry-072,3.2,41.7,7.06,26.7,25.3
HelmutHenry-073,3.29,47.9,7.1,23.6,23.9
HelmutHenry-074,3.42,42.8,6.58,22.3,30.9
HelmutHenry-075,2.9,50.3,6.94,21.1,32.8
HelmutHenry-076,2.72,37.9,7.12,14.5,17.8
HelmutHenry-077,4.16,45.6,7.78,22.2,32.4
HelmutHenry-078,4.04,44.1,7.29,20.7,31.2
HelmutHenry-079,2.63,41.7,7.2,19,29.5
HelmutHenry-080,3.12,51.7,7.1,21.8,33.9
HelmutHenry-081,3.05,37.8,7,20.2,26.2
HelmutHenry-082,3.38,45.4,7.48,28.8,32.5
HelmutHenry-083,3.41,40,7.08,19,33.6
HelmutHenry-084,3.49,41.8,7.29,20.7,24.3
HelmutHenry-085,3.05,47,7.43,20.2,28
HelmutHenry-086,3.11,41,7.08,15.6,34.6
HelmutHenry-087,3.25,54.6,7.15,21.8,25.8
HelmutHenry-088,2.87,43,7.59,19.7,23.4
HelmutHenry-089,3.23,42.7,7.21,21.1,31.1
HelmutHenry-090,3.14,47.8,7.12,21.4,28.5
HelmutHenry-091,3.2,37.1,7.59,21.3,15.6
HelmutHenry-092,3.09,44.1,7.25,21.4,34.3
HelmutHenry-093,3.42,50.8,7.58,21.3,27.9
HelmutHenry-094,3.03,42.5,7.2,20.7,22.7
HelmutHenry-095,3.7,44,7.42,19.4,21.1
HelmutHenry-096,3.24,42.9,6.91,15.8,26.7
HelmutHenry-097,3.63,52.4,7.06,26.9,29.3
HelmutHenry-098,2.59,38.1,6.8,20.9,32.5
HelmutHenry-099,2.83,43.1,7.36,26,32.8
HelmutHenry-100,3.64,44.9,7.57,28,28
HelmutHenry-101,3.35,50,6.99,22,32
HelmutHenry-102,3.23,39.6,7.36,18.8,23.9
HelmutHenry-103,3.25,45.2,7.31,20.9,17.6
HelmutHenry-104,2.61,37,7.27,21.1,23.6
HelmutHenry-105,3.41,36.4,7.6,19.4,24.7
HelmutHenry-106,2.83,41.3,7.2,31.1,19.6
HelmutHenry-107,2.87,54.1,7.3,26.6,32.9
HelmutHenry-108,3.09,48.9,6.9,18,29.6
HelmutHenry-109,3.47,51.4,7.27,14.6,31.5
HelmutHenry-110,3.53,48.6,7.37,24.1,30.2
Lechukistan-001,6.9,400.5,8.31,16.76,9.6
Lechukistan-002,6.39,435.3,8.37,17.32,11.1
Lechukistan-003,7.02,438,8.52,20.07,12
Lechukistan-004,7.72,421.9,8.52,19.78,12.1
Lechukistan-005,6.31,444.4,7.79,18.46,11.3
Lechukistan-006,6.31,464.1,7.92,18.75,12.9
Lechukistan-007,7.76,516,8.35,21.18,10.4
Lechukistan-008,7.11,456.1,8.35,17.26,11.8
Lechukistan-009,6.12,459,8.35,19.65,12.2
Lechukistan-010,6.93,447.4,9.36,18.08,12.8
Lechukistan-011,6.13,382.8,8.37,18.04,13.1
Lechukistan-012,6.13,449.1,8.54,20.81,10.3
Lechukistan-013,6.69,452.1,8.49,20.23,9.7
Lechukistan-014,4.97,536.2,8.4,20.21,13.9
Lechukistan-015,5.12,443.3,8.11,21.24,12.5
Lechukistan-016,6.05,460.6,8.43,18.54,10.9
Lechukistan-017,5.69,448.8,7.97,19.93,14.3
Lechukistan-018,6.75,409.1,8.13,17.85,12.2
Lechukistan-019,5.77,490,8.05,19.18,13.8
Lechukistan-020,5.37,476.3,8.22,18.23,12.1
Lechukistan-021,7.67,477.7,8.89,18.7,15.1
Lechukistan-022,6.32,418.2,7.64,19.75,14.6
Lechukistan-023,6.55,499.1,8.41,16.78,11.6
Lechukistan-024,5.36,400.9,7.72,22.89,13.5
Lechukistan-025,6.06,470.5,8.06,16.39,13
Lechukistan-026,6.59,526.7,8.53,15.95,14.1
Lechukistan-027,5.58,415.3,8.22,20.93,10.6
Lechukistan-028,6.8,430.2,7.88,20.16,13
Lechukistan-029,6.02,453.5,7.99,19.81,13.6
Lechukistan-030,6.27,432.4,8.4,19.82,9.4
Lechukistan-031,6.02,395.7,7.98,18.47,10.2
Lechukistan-032,7.98,452.4,8.26,16.62,8.9
Lechukistan-033,6.49,412.8,8.21,18.66,11.6
Lechukistan-034,5.65,466.6,8,17.08,13.1
Lechukistan-035,7.16,417.8,8.84,20.55,14.3
Lechukistan-036,5.52,504.2,8.39,18.19,12.1
Lechukistan-037,6.67,422.6,7.59,16.77,14.4
Lechukistan-038,4.93,438.7,8.26,17.83,9.9
Lechukistan-039,5.44,478.5,8,19.37,9.4
Lechukistan-040,6.66,406.9,8.46,17.32,11.9
Lechukistan-041,7.09,458,7.96,16.77,12.6
Lechukistan-042,6.64,495.7,8.17,19.01,12
Lechukistan-043,6.41,393.7,8.35,19.01,8.9
Lechukistan-044,6.26,456.5,8.46,17.44,11.9
Lechukistan-045,5.32,459.1,7.84,17.51,10
Lechukistan-046,5.92,477.4,8.1,18.99,13
Lechukistan-047,6.13,406.7,8.06,15.46,12.5
Lechukistan-048,7.35,403.8,8,15.54,10.6
Lechukistan-049,6.77,468.3,8.73,16.99,11.2
Lechukistan-050,5.09,460.4,8.32,18.05,10.4
Lechukistan-051,6.76,458.8,7.82,19.15,11.9
Lechukistan-052,6.19,462.1,8.48,21.6,13.4
Lechukistan-053,5.96,426.2,8.84,20.3,10.5
Lechukistan-054,6.99,458.1,8.51,18.16,12.8
Lechukistan-055,7.32,460.3,7.74,18.46,11.2
Lechukistan-056,7.25,425,8.05,16.39,10.8
Lechukistan-057,5.83,515.3,8.58,18.46,11.8
Lechukistan-058,6.25,466.6,7.99,17.89,10.4
Lechukistan-059,6.77,408.3,8.33,19.18,11.2
Lechukistan-060,7.28,473,8.43,16.76,10.2
Lechukistan-061,6.12,415.9,7.92,19.59,14.9
Lechukistan-062,6.35,477.5,8.18,21.72,12.1
Lechukistan-063,5.61,490.6,7.23,18.27,11
Lechukistan-064,5.54,421.3,7.89,19.34,12.3
Lechukistan-065,7.15,483.7,8.12,19.95,11.8
Lechukistan-066,7.58,464.4,7.83,17.66,11.7
Lechukistan-067,6.44,478.8,8.69,18.97,12.9
Lechukistan-068,7.3,516.4,7.77,18.53,13.1
Lechukistan-069,6.79,441.4,8.07,18.71,11.2
Lechukistan-070,5.98,423.6,8.24,16.88,11.1
Lechukistan-071,6.79,418.9,8.63,18.55,11.6
Lechukistan-072,7.73,421.4,7.77,19.55,8.5
Lechukistan-073,6.47,447.3,8.55,21.55,9.7
Lechukistan-074,7.75,461.9,8.2,20.51,14.1
Lechukistan-075,4.4,459.7,7.91,23.02,14.5
Lechukistan-076,7.16,479,8.34,16.89,11.6
Lechukistan-077,6.57,450.5,8.26,20.33,12.9
Lechukistan-078,6.26,500.9,8.02,18.89,12.5
Lechukistan-079,6.57,440.7,8.22,23.1,16.6
Lechukistan-080,4.91,545.2,8.08,16.8,13.7
Lechukistan-081,6.32,471.9,8.23,16.74,11.8
Lechukistan-082,6.79,420,8.4,17.24,10.6
Lechukistan-083,7.68,412.5,8.68,14.04,9.6
Lechukistan-084,6.09,466.9,7.83,17.4,12.3
Lechukistan-085,5.85,442.2,8.84,16.91,10.9
Lechukistan-086,6.1,475,7.61,18.82,9.9
Lechukistan-087,7.23,466.6,8.15,19.22,11
Lechukistan-088,6.76,447.5,8.38,22.44,10.4
Lechukistan-089,6.08,420.4,8.28,20.5,14.5
Lechukistan-090,6.91,397,8.01,17.29,13.3
Lechukistan-091,6.58,434.4,8.14,16.61,12
Lechukistan-092,7.27,480,8.05,19.53,14.2
Lechukistan-093,5.94,457.5,8.02,15.73,12.1
Lechukistan-094,6.24,406.4,8.45,22.35,10.7
Lechukistan-095,6.19,456.1,8.31,20.98,14.3
Lechukistan-096,5.33,463.5,7.99,17.51,12.8
Lechukistan-097,6.74,419.1,8.47,14.9,10.4
Lechukistan-098,6.71,455.4,8.29,21.34,11.7
Lechukistan-099,6.5,452,8.44,18.26,10.7
Lechukistan-100,6.31,410,8.39,21.1,9.9
LOT-50MXN-0001,11.87,2063,8.33,77.9,20.6
LOT-50MXN-0002,14.75,1942,7.88,59.41,29.9
LOT-50MXN-0003,13.66,2464,7.38,50.08,19.8
LOT-50MXN-0004,12.99,1763,7.39,65.89,33.4
LOT-50MXN-0005,10.78,2220,8.03,75.8,31.7
LOT-50MXN-0006,10.78,1295,8.33,53.63,21.9
LOT-50MXN-0007,10.29,1684,8.31,69.92,29.3
LOT-50MXN-0008,14.33,1430,8.13,48.41,29.4
LOT-50MXN-0009,13.01,1948,7.89,47.07,14.4
LOT-50MXN-0010,13.54,2394,6.94,66.25,32.8
LOT-50MXN-0011,10.1,1740,7.07,66.63,23.6
LOT-50MXN-0012,14.85,2259,8.33,70.5,31
LOT-50MXN-0013,14.16,1724,7.83,74.04,19.4
LOT-50MXN-0014,11.06,2383,6.82,84.03,32.6
LOT-50MXN-0015,10.91,2466,6.97,65.65,21
LOT-50MXN-0016,10.92,2309,7.93,57.92,12.2
LOT-50MXN-0017,11.52,1777,6.81,76.81,32.8
LOT-50MXN-0018,12.62,1881,7.07,55.83,14.1
LOT-50MXN-0019,12.16,1756,7.73,62.56,19.3
LOT-50MXN-0020,11.46,2212,7.98,48.14,33.9
LOT-50MXN-0021,13.06,1845,7.91,46.01,33.9
LOT-50MXN-0022,10.7,1995,7.18,83.51,25.2
LOT-50MXN-0023,11.46,2251,8.01,78.44,26.5
LOT-50MXN-0024,11.83,2454,7.2,72.84,22.3
LOT-50MXN-0025,12.28,1389,7.35,61.36,18.7
LOT-50MXN-0026,13.93,2448,8.07,51.93,19.6
LOT-50MXN-0027,11,1832,7.9,51.26,27.5
LOT-50MXN-0028,12.57,1827,8.24,55.01,29.3
LOT-50MXN-0029,12.96,2172,7.92,66.97,30.2
LOT-50MXN-0030,10.23,2482,7.77,73.58,30.2
LOT-50MXN-0031,13.04,1909,6.96,71.41,14.1
LOT-50MXN-0032,10.85,1848,7.43,56.2,23.4
LOT-50MXN-0033,10.33,1517,7.25,83.19,13.3
LOT-50MXN-0034,14.74,2448,7.21,74.52,24.6
LOT-50MXN-0035,14.83,2457,8.45,67.17,22.2
LOT-50MXN-0036,14.04,1883,7.47,69.47,32.4
LOT-50MXN-0037,11.52,1863,8.32,61.78,20.1
LOT-50MXN-0038,10.49,2456,7.87,54.91,14.7
LOT-50MXN-0039,13.42,2336,8.15,59.24,15.3
LOT-50MXN-0040,12.2,1641,7.65,75.31,29.5
LOT-50MXN-0041,10.61,1763,7.78,45.58,26.2
LOT-50MXN-0042,12.48,2491,7.64,49.64,14.3
LOT-50MXN-0043,10.17,2336,7.13,46.84,13.9
LOT-50MXN-0044,14.55,2151,8.03,46.63,28.1
LOT-50MXN-0045,11.29,2304,7.28,79.22,13.7
LOT-50MXN-0046,13.31,1898,6.84,73.15,30.9
LOT-50MXN-0047,11.56,1312,7.9,63.97,28.2
LOT-50MXN-0048,12.6,1201,7.1,48.91,13.9
LOT-50MXN-0049,12.73,1841,8.4,64.66,14
LOT-50MXN-0050,10.92,1419,8.42,63.94,34.7
LOT-50MXN-0051,14.85,2054,8.36,51.93,20.6
LOT-50MXN-0052,13.88,2448,7.43,62.35,20.5
LOT-50MXN-0053,14.7,1584,6.83,60.94,30.7
LOT-50MXN-0054,14.47,2353,8.38,69.63,33.8
LOT-50MXN-0055,12.99,2276,7.53,70.4,34.7
LOT-50MXN-0056,14.61,1929,8.44,46.81,29.3
LOT-50MXN-0057,10.44,1446,8.44,59.98,20.7
LOT-50MXN-0058,10.98,2035,8.25,70.03,13.9
LOT-50MXN-0059,10.23,1402,7.3,65.13,29.9
LOT-50MXN-0060,11.63,2407,7.45,79.26,24.8
LOT-50MXN-0061,11.94,1322,8.25,71.35,21.8
LOT-50MXN-0062,11.36,1600,7.34,51.52,32.8
LOT-50MXN-0063,14.14,1966,7.09,47.82,14.6
LOT-50MXN-0064,11.78,1493,7.75,70.7,23.3
LOT-50MXN-0065,11.4,1479,8.39,46.06,12.3
LOT-50MXN-0066,12.71,2083,7.98,68.43,22.8
LOT-50MXN-0067,10.7,1397,7.77,82.61,13.3
LOT-50MXN-0068,14.01,2181,6.97,68.02,14.7
LOT-50MXN-0069,10.37,1951,7.85,60.53,14.7
LOT-50MXN-0070,14.93,1343,8.48,70.73,26.9
LOT-50MXN-0071,13.86,1808,7.04,63.33,29.2
LOT-50MXN-0072,10.99,2424,7.68,66.82,25.4
LOT-50MXN-0073,10.03,2347,8.29,82.66,34.1
LOT-50MXN-0074,14.08,1386,8.06,60.44,20.6
LOT-50MXN-0075,13.53,1663,7.98,83.45,18.6
LOT-50MXN-0076,13.65,1859,7.99,81.21,32
LOT-50MXN-0077,13.86,1963,7.41,52.83,17.1
LOT-50MXN-0078,10.37,2154,7.3,47.77,34.2
LOT-50MXN-0079,11.79,1602,8.18,49.03,12.3
LOT-50MXN-0080,10.58,1346,8.18,45.73,34.3
LOT-50MXN-0081,14.32,2371,8.27,48.78,13
LOT-50MXN-0082,13.12,2063,8.35,72.32,32.5
LOT-50MXN-0083,11.65,1688,7.67,47.85,24.1
LOT-50MXN-0084,10.32,2128,7.65,57.76,34.8
LOT-50MXN-0085,11.55,1750,8.16,78.8,13.7
LOT-50MXN-0086,11.63,1537,7.9,45.93,24.7
LOT-50MXN-0087,13.65,2071,7.99,77.58,34.3
LOT-50MXN-0088,13.19,1840,8.15,56.27,24
LOT-50MXN-0089,14.44,1672,8.31,49.73,26.5
LOT-50MXN-0090,12.36,1350,7.37,72.87,28
LOT-50MXN-0091,10.6,1462,7.44,70.16,22.5
LOT-50MXN-0092,13.57,1343,6.96,80.1,26.4
LOT-50MXN-0093,13.8,1545,7.78,74.4,25.4
LOT-50MXN-0094,12.81,1823,6.86,77.14,32.7
LOT-50MXN-0095,13.85,2216,7.59,56.28,13
LOT-50MXN-0096,12.47,2080,7.72,52.1,18.5
LOT-50MXN-0097,12.61,1201,7.29,75.02,33.9
LOT-50MXN-0098,12.14,2096,7.8,77.27,32.5
LOT-50MXN-0099,10.13,1453,6.85,84.62,22.5
LOT-50MXN-0100,10.54,1652,6.86,61.5,26.3