x,t
1,1
0,2
0,3
1,4
1,5
2,6
0,7
1,8
1,9
0,10
1,11
0,12
0,13
1,14
0,15
1,16
1,17
1,18
1,19
1,20
1,21
0,22
0,23
2,24
3,25
0,26
2,27
1,28
2,29
1,30
3,31
0,32
0,33
3,34
0,35
1,36
1,37
1,38
0,39
0,40
1,41
1,42
1,43
1,44
4,45
1,46
0,47
1,48
0,49
1,50
0,51
0,52
2,53
0,54
1,55
1,56
0,57
1,58
2,59
1,60
1,61
1,62
0,63
0,64
1,65
1,66
1,67
0,68
1,69
0,70
2,71
0,72
1,73
2,74
1,75
0,76
0,77
1,78
0,79
0,80
1,81
2,82
0,83
0,84
2,85
0,86
1,87
1,88
0,89
1,90
0,91
0,92
4,93
0,94
2,95
2,96
0,97
4,98
0,99
1,100
1,101
1,102
4,103
0,104
2,105
0,106
0,107
1,108
3,109
1,110
1,111
0,112
1,113
3,114
2,115
2,116
1,117
0,118
3,119
0,120
0,121
1,122
0,123
2,124
1,125
2,126
0,127
2,128
1,129
3,130
0,131
3,132
0,133
0,134
0,135
0,136
1,137
0,138
1,139
0,140
2,141
1,142
1,143
1,144
0,145
1,146
1,147
1,148
3,149
0,150
0,151
1,152
1,153
1,154
1,155
2,156
