Li+,Na+,NH4+,K+,Mg2+,Ca2+,Sr2+,Ba2+
0.767094663,23.16419038,6.877461977,3.89848775,3.075677501,9.361322138,3.618134456,1.797789938
1.274001541,40.98053207,6.121611076,4.100827359,2.929382459,12.65445963,1.621263115,2.193168606
1.771608258,65.69852911,7.335370223,4.051275581,2.987100104,15.67653466,1.516561379,1.784682608
0.987702977,52.94990828,5.234835477,3.996745992,2.950014319,12.36042272,1.995487472,1.699702194
1.594144323,43.12752775,7.008423905,4.064494509,2.925779456,10.02134811,4.936635211,2.657497724
1.061153132,19.17697004,4.067821125,3.939752729,3.028981207,11.32435965,3.372008581,2.01973612
1.210066202,43.69472979,5.812555965,3.923472695,3.034045137,9.94364891,8.629251526,1.892027435
1.013451626,64.99429152,7.426802196,4.119842173,2.926864544,7.97087825,2.294742468,1.714401999
0.805295826,12.34819386,5.87115178,3.925814475,3.033585769,13.69372823,1.773369182,1.77849948
0.745980584,26.72471454,4.259920986,4.023354165,3.068491926,21.24723526,1.055849445,1.51350204
1.511105541,30.65913586,6.566305796,3.901375076,3.063625137,7.283807684,2.146132285,1.947727254
0.958175923,41.45707874,6.326798739,4.05226703,2.999827474,8.883874148,1.642798737,1.677667895
1.129900556,25.22444435,4.484702226,3.983324865,3.043276812,10.25189042,2.693458059,1.88748167
1.352752527,27.57675657,8.76690583,4.122604102,2.879146692,7.312396941,2.154017496,1.813925978
1.04691583,15.20493523,5.429453147,3.865166707,3.108299589,12.73609831,0.705055245,1.763394171
1.763188042,21.5382766,7.117092871,4.079298325,2.929956081,10.64406366,6.928059435,1.611406907
0.942477865,42.04050663,4.145629144,4.009856566,2.953629633,14.32544107,3.684509054,1.647093304
1.930348046,58.57573933,7.639793628,4.111354635,2.873036514,8.974959411,2.535192817,1.578098537
1.418192271,23.92239064,4.790344731,3.9507714,3.036713459,18.9543604,1.981594946,1.697822501
1.62967547,47.41251917,9.453362395,4.107498485,2.870498661,12.5298538,1.877154201,1.665205444
1.866286715,46.0302529,9.258672124,3.928083359,2.979192165,8.875442886,1.252748668,1.635802877
1.330195878,53.8685267,5.457567522,3.971203955,2.996495148,13.68530896,3.765864558,1.775212008
0.571164947,21.62740546,7.619609706,4.085284648,2.928900629,11.61809042,1.167997308,1.613390168
1.206518058,30.36055535,5.699849485,3.965774539,3.000700464,9.052562129,1.675098497,2.087168802
0.992641532,41.70049986,5.761511843,4.02351435,3.015707009,9.515848537,6.008916754,1.864643498
