id_muestra,pigmento_magnetico_pct,viscosidad_cp,ph,reflectancia_uv_pct,tiempo_secado_s
INC-001,2.07,112.12,6.67,30.92,12.69
INC-002,2.4,97.6,6.59,32.58,15.68
INC-003,2.03,118.81,6.89,30.51,14.71
INC-004,1.4,121.91,6.26,42.43,13.41
INC-005,3.03,86.72,6.98,34.64,6.34
INC-006,2.97,109.59,6.96,50.62,11.55
INC-007,2.19,90.97,7.43,36.35,7.78
INC-008,2.34,100.35,6.84,33.23,14.66
INC-009,2.86,114.02,7.58,32.55,10.05
INC-010,2.22,90.3,7.9,26.99,11.02
INC-011,3.36,122.64,6.81,41.39,15.12
INC-012,3.95,121.3,6.56,33.45,16.74
INC-013,1.89,114.79,6.61,36.25,14.25
INC-014,1.67,108.81,6.5,26.72,16.55
INC-015,2.88,121.23,7.53,46.95,13.31
